"Id","FirstName","LastName","Email","Title","Phone"
"EB8XCREJWN3WZNILC3","Paulo","Rossi","paulo.rossi.01@helios-training.invalid","Co-owner","+34 615 492 681"
"QSB8SVCDIMW30XPSOG","Elena","Lopez","elena.lopez.02@helios-training.invalid","Owner","+34 622 544 617"
"UP57DUTAS7EBBTIJIB","Luis","Marino","luis.marino.03@helios-training.invalid","Building manager","+34 641 481 736"
"C0NMOLTCZCYCYR8GPJ","Eleni","Garcia","eleni.garcia.04@helios-training.invalid","Owner","+34 627 645 821"
"4S1YWLF7AUH9YTBLIJ","Eleni","Rossi","eleni.rossi.05@helios-training.invalid","Technical contact","+34 664 453 523"
"2QGLQ4GUW3IFW2QM3X","Rafael","Marino","rafael.marino.06@helios-training.invalid","Building manager","+34 644 189 607"
"UL4S9LGHVD6BUNGWLA","Ines","Garcia","ines.garcia.07@helios-training.invalid","Technical contact","+34 674 120 146"
"6V9INBGVUQ9U5U0E8L","Hugo","Rossi","hugo.rossi.08@helios-training.invalid","Technical contact","+34 620 862 101"
"9ZCRMZGUYJKSWFAK9P","Marta","Marino","marta.marino.09@helios-training.invalid","Building manager","+34 678 749 929"
"XY1POACWQCFYQEVGSK","Thomas","Leroy","thomas.leroy.10@helios-training.invalid","Co-owner","+34 656 782 303"
"55LY6NN1EDGAGKIFBF","Pedro","Moreau","pedro.moreau.11@helios-training.invalid","Co-owner","+34 649 384 233"
"DQJP9ICGBX4QGPAWTT","Camille","Ferreira","camille.ferreira.12@helios-training.invalid","Co-owner","+34 691 769 922"
"ZBUOIOMEIZTQ0Q6CDT","Paulo","Papadopoulos","paulo.papadopoulos.13@helios-training.invalid","Building manager","+34 635 218 908"
"I8YU7HIBHYBXWZKDFN","Eleni","Ferreira","eleni.ferreira.14@helios-training.invalid","Technical contact","+34 614 166 627"
"7QBTKADLEWILHA8PC8","Sofia","Bernard","sofia.bernard.15@helios-training.invalid","Co-owner","+34 618 594 705"
"4PFXD47OBGR7OPE6OL","Rafael","Nikolaou","rafael.nikolaou.16@helios-training.invalid","Technical contact","+34 620 696 927"
"S09NRLGAZ05WPFECEK","Hugo","Dubois","hugo.dubois.17@helios-training.invalid","Co-owner","+34 647 148 654"
"EEETB7AAOZIGANHZES","Eleni","Costa","eleni.costa.18@helios-training.invalid","Owner","+34 680 848 499"
"RURNYEBEHAXYZPOYPS","Rafael","Sanchez","rafael.sanchez.19@helios-training.invalid","Owner","+34 657 743 664"
"VZW81077LMCIW5BWEY","Matteo","Nikolaou","matteo.nikolaou.20@helios-training.invalid","Building manager","+34 663 305 715"
"SSJJAK6YQ8OQK3NRLF","Matteo","Costa","matteo.costa.21@helios-training.invalid","Co-owner","+34 688 442 199"
"KPC28YRWEO41MNURZL","Ines","Costa","ines.costa.22@helios-training.invalid","Technical contact","+34 624 568 362"
"4AJMH1TMGLBTVX31TV","Rafael","Moreau","rafael.moreau.23@helios-training.invalid","Building manager","+34 642 684 145"
"XCGIBS5GKFU7EYZVRB","Rafael","Marino","rafael.marino.24@helios-training.invalid","Technical contact","+34 668 263 763"
"FEG4STSXQBF3JJBRBB","Paulo","Nikolaou","paulo.nikolaou.25@helios-training.invalid","Technical contact","+34 663 194 825"
"C5ZEDAFI0RFF88MY3L","Giulia","Costa","giulia.costa.26@helios-training.invalid","Technical contact","+34 643 823 798"
"YARRSUPLZW8DVQRFLI","Paulo","Garcia","paulo.garcia.27@helios-training.invalid","Technical contact","+34 630 468 298"
"S7EY9CVSR59CAMZE4L","Elena","Ferreira","elena.ferreira.28@helios-training.invalid","Building manager","+34 631 865 152"
"BRZUMV8XN6OW8VH25N","Rafael","Bernard","rafael.bernard.29@helios-training.invalid","Technical contact","+34 672 296 766"
"NSEOXBDBZAJRAZENUK","Sofia","Rossi","sofia.rossi.30@helios-training.invalid","Co-owner","+34 622 834 438"
"29UBHEAZBIUQJAPZLT","Diogo","Costa","diogo.costa.31@helios-training.invalid","Owner","+34 622 460 167"
"8ZM1MGIFREYXYEGLRG","Elena","Ferreira","elena.ferreira.32@helios-training.invalid","Co-owner","+34 650 478 905"
"JABXT6OQKEOPEEHDAQ","Luis","Lopez","luis.lopez.33@helios-training.invalid","Owner","+34 661 588 549"
"W6OSHQXX5WKJMPMSXE","Marta","Conti","marta.conti.34@helios-training.invalid","Owner","+34 697 215 454"
"BUE6QOVCBGILJOUGZF","Camille","Silva","camille.silva.35@helios-training.invalid","Technical contact","+34 663 917 230"
"WEDSJVD0W7HPGZWHZL","Sofia","Rossi","sofia.rossi.36@helios-training.invalid","Building manager","+34 689 917 739"
"ZMLAKH5KISS1LNITTW","Giulia","Dubois","giulia.dubois.37@helios-training.invalid","Technical contact","+34 619 294 156"
"POKDVQM8X0TBPI6GDW","Marta","Silva","marta.silva.38@helios-training.invalid","Owner","+34 616 741 697"
"GXNT8MT2MOCSQ01MIL","Diogo","Moreau","diogo.moreau.39@helios-training.invalid","Owner","+34 625 529 378"
"CYAE0E60GWCRG3JEHU","Ana","Papadopoulos","ana.papadopoulos.40@helios-training.invalid","Co-owner","+34 619 102 254"
"WOQTT9DDWKXYFIM9RO","Chloe","Dubois","chloe.dubois.41@helios-training.invalid","Building manager","+34 610 887 287"
"DRY6DBMVLDJM3XHQXA","Camille","Bernard","camille.bernard.42@helios-training.invalid","Technical contact","+34 692 364 648"
"QCJI2VRRLOUI7POBJQ","Andreas","Sanchez","andreas.sanchez.43@helios-training.invalid","Co-owner","+34 699 279 724"
"EO5MXDAP4GFB2E1RZE","Sofia","Moreau","sofia.moreau.44@helios-training.invalid","Building manager","+34 664 415 985"
"IZ7XSJBSYDFKCQ9WXA","Giulia","Marino","giulia.marino.45@helios-training.invalid","Co-owner","+34 638 780 123"
"OCPQTOVDHUYWRFV1MY","Ana","Garcia","ana.garcia.46@helios-training.invalid","Owner","+34 694 335 871"
"XJLR75CFWPQM1OMDDS","Ana","Dubois","ana.dubois.47@helios-training.invalid","Co-owner","+34 684 843 109"
"SMOVTBCLHGYOVUTILA","Matteo","Sanchez","matteo.sanchez.48@helios-training.invalid","Owner","+34 612 239 971"
"HRLENIXB5TGDLIA0XK","Chloe","Dubois","chloe.dubois.49@helios-training.invalid","Co-owner","+34 646 287 493"
"XRATACYHCMFRHCPIZI","Giulia","Leroy","giulia.leroy.50@helios-training.invalid","Technical contact","+34 691 861 730"
"RILFR8XQ7PEWF6CSBK","Diogo","Costa","diogo.costa.51@helios-training.invalid","Owner","+34 613 234 623"
"YQ2NVOT7O33GBVWRIX","Pedro","Lopez","pedro.lopez.52@helios-training.invalid","Owner","+34 663 840 879"
"MMVFBHAKPPBPVITQVL","Bianca","Dubois","bianca.dubois.53@helios-training.invalid","Co-owner","+34 611 474 727"
"GOYBSFNQRHPBXANEB7","Thomas","Silva","thomas.silva.54@helios-training.invalid","Technical contact","+34 663 162 693"
"V244LXAWONB6USK4EV","Giulia","Silva","giulia.silva.55@helios-training.invalid","Technical contact","+34 638 829 646"
"GTLVOBFAETJAYXXZB2","Eleni","Nikolaou","eleni.nikolaou.56@helios-training.invalid","Building manager","+34 666 292 406"
"1BFKHSYRG4JW1VIUB5","Paulo","Costa","paulo.costa.57@helios-training.invalid","Owner","+34 655 708 790"
"S5IOONCLEXWYFOVKW7","Paulo","Sanchez","paulo.sanchez.58@helios-training.invalid","Co-owner","+34 693 152 102"
"IANBQ8L2RWZFC1IAPC","Eleni","Papadopoulos","eleni.papadopoulos.59@helios-training.invalid","Building manager","+34 637 731 409"
"LWJG3XPLEF46CRG5LM","Ines","Nikolaou","ines.nikolaou.60@helios-training.invalid","Co-owner","+34 664 931 960"
