"Id","FirstName","LastName","Email","Title","Phone","Errors"
"003g800000kLgkvAAC","Paulo","Rossi","paulo.rossi.01@helios-training.invalid","Co-owner","+34 615 492 681","#N/A"
"003g800000kLgkwAAC","Elena","Lopez","elena.lopez.02@helios-training.invalid","Owner","+34 622 544 617","#N/A"
"003g800000kLgkxAAC","Luis","Marino","luis.marino.03@helios-training.invalid","Building manager","+34 641 481 736","#N/A"
"003g800000kLgkyAAC","Eleni","Garcia","eleni.garcia.04@helios-training.invalid","Owner","+34 627 645 821","#N/A"
"003g800000kLgkzAAC","Eleni","Rossi","eleni.rossi.05@helios-training.invalid","Technical contact","+34 664 453 523","#N/A"
"003g800000kLgl0AAC","Rafael","Marino","rafael.marino.06@helios-training.invalid","Building manager","+34 644 189 607","#N/A"
"003g800000kLgl1AAC","Ines","Garcia","ines.garcia.07@helios-training.invalid","Technical contact","+34 674 120 146","#N/A"
"003g800000kLgl2AAC","Hugo","Rossi","hugo.rossi.08@helios-training.invalid","Technical contact","+34 620 862 101","#N/A"
"003g800000kLgl3AAC","Marta","Marino","marta.marino.09@helios-training.invalid","Building manager","+34 678 749 929","#N/A"
"003g800000kLgl4AAC","Thomas","Leroy","thomas.leroy.10@helios-training.invalid","Co-owner","+34 656 782 303","#N/A"
"003g800000kLgl5AAC","Pedro","Moreau","pedro.moreau.11@helios-training.invalid","Co-owner","+34 649 384 233","#N/A"
"003g800000kLgl6AAC","Camille","Ferreira","camille.ferreira.12@helios-training.invalid","Co-owner","+34 691 769 922","#N/A"
"003g800000kLgl7AAC","Paulo","Papadopoulos","paulo.papadopoulos.13@helios-training.invalid","Building manager","+34 635 218 908","#N/A"
"003g800000kLgl8AAC","Eleni","Ferreira","eleni.ferreira.14@helios-training.invalid","Technical contact","+34 614 166 627","#N/A"
"003g800000kLgl9AAC","Sofia","Bernard","sofia.bernard.15@helios-training.invalid","Co-owner","+34 618 594 705","#N/A"
"003g800000kLglAAAS","Rafael","Nikolaou","rafael.nikolaou.16@helios-training.invalid","Technical contact","+34 620 696 927","#N/A"
"003g800000kLglBAAS","Hugo","Dubois","hugo.dubois.17@helios-training.invalid","Co-owner","+34 647 148 654","#N/A"
"003g800000kLglCAAS","Eleni","Costa","eleni.costa.18@helios-training.invalid","Owner","+34 680 848 499","#N/A"
"003g800000kLglDAAS","Rafael","Sanchez","rafael.sanchez.19@helios-training.invalid","Owner","+34 657 743 664","#N/A"
"003g800000kLglEAAS","Matteo","Nikolaou","matteo.nikolaou.20@helios-training.invalid","Building manager","+34 663 305 715","#N/A"
"003g800000kLglFAAS","Matteo","Costa","matteo.costa.21@helios-training.invalid","Co-owner","+34 688 442 199","#N/A"
"003g800000kLglGAAS","Ines","Costa","ines.costa.22@helios-training.invalid","Technical contact","+34 624 568 362","#N/A"
"003g800000kLglHAAS","Rafael","Moreau","rafael.moreau.23@helios-training.invalid","Building manager","+34 642 684 145","#N/A"
"003g800000kLglIAAS","Rafael","Marino","rafael.marino.24@helios-training.invalid","Technical contact","+34 668 263 763","#N/A"
"003g800000kLglJAAS","Paulo","Nikolaou","paulo.nikolaou.25@helios-training.invalid","Technical contact","+34 663 194 825","#N/A"
"003g800000kLglKAAS","Giulia","Costa","giulia.costa.26@helios-training.invalid","Technical contact","+34 643 823 798","#N/A"
"003g800000kLglLAAS","Paulo","Garcia","paulo.garcia.27@helios-training.invalid","Technical contact","+34 630 468 298","#N/A"
"003g800000kLglMAAS","Elena","Ferreira","elena.ferreira.28@helios-training.invalid","Building manager","+34 631 865 152","#N/A"
"003g800000kLglNAAS","Rafael","Bernard","rafael.bernard.29@helios-training.invalid","Technical contact","+34 672 296 766","#N/A"
"003g800000kLglOAAS","Sofia","Rossi","sofia.rossi.30@helios-training.invalid","Co-owner","+34 622 834 438","#N/A"
"003g800000kLglPAAS","Diogo","Costa","diogo.costa.31@helios-training.invalid","Owner","+34 622 460 167","#N/A"
"003g800000kLglQAAS","Elena","Ferreira","elena.ferreira.32@helios-training.invalid","Co-owner","+34 650 478 905","#N/A"
"003g800000kLglRAAS","Luis","Lopez","luis.lopez.33@helios-training.invalid","Owner","+34 661 588 549","#N/A"
"003g800000kLglSAAS","Marta","Conti","marta.conti.34@helios-training.invalid","Owner","+34 697 215 454","#N/A"
"003g800000kLglTAAS","Camille","Silva","camille.silva.35@helios-training.invalid","Technical contact","+34 663 917 230","#N/A"
"003g800000kLglUAAS","Sofia","Rossi","sofia.rossi.36@helios-training.invalid","Building manager","+34 689 917 739","#N/A"
"003g800000kLglVAAS","Giulia","Dubois","giulia.dubois.37@helios-training.invalid","Technical contact","+34 619 294 156","#N/A"
"003g800000kLglWAAS","Marta","Silva","marta.silva.38@helios-training.invalid","Owner","+34 616 741 697","#N/A"
"003g800000kLglXAAS","Diogo","Moreau","diogo.moreau.39@helios-training.invalid","Owner","+34 625 529 378","#N/A"
"003g800000kLglYAAS","Ana","Papadopoulos","ana.papadopoulos.40@helios-training.invalid","Co-owner","+34 619 102 254","#N/A"
"003g800000kLglZAAS","Chloe","Dubois","chloe.dubois.41@helios-training.invalid","Building manager","+34 610 887 287","#N/A"
"003g800000kLglaAAC","Camille","Bernard","camille.bernard.42@helios-training.invalid","Technical contact","+34 692 364 648","#N/A"
"003g800000kLglbAAC","Andreas","Sanchez","andreas.sanchez.43@helios-training.invalid","Co-owner","+34 699 279 724","#N/A"
"003g800000kLglcAAC","Sofia","Moreau","sofia.moreau.44@helios-training.invalid","Building manager","+34 664 415 985","#N/A"
"003g800000kLgldAAC","Giulia","Marino","giulia.marino.45@helios-training.invalid","Co-owner","+34 638 780 123","#N/A"
"003g800000kLgleAAC","Ana","Garcia","ana.garcia.46@helios-training.invalid","Owner","+34 694 335 871","#N/A"
"003g800000kLglfAAC","Ana","Dubois","ana.dubois.47@helios-training.invalid","Co-owner","+34 684 843 109","#N/A"
"003g800000kLglgAAC","Matteo","Sanchez","matteo.sanchez.48@helios-training.invalid","Owner","+34 612 239 971","#N/A"
"003g800000kLglhAAC","Chloe","Dubois","chloe.dubois.49@helios-training.invalid","Co-owner","+34 646 287 493","#N/A"
"003g800000kLgliAAC","Giulia","Leroy","giulia.leroy.50@helios-training.invalid","Technical contact","+34 691 861 730","#N/A"
"003g800000kLgljAAC","Diogo","Costa","diogo.costa.51@helios-training.invalid","Owner","+34 613 234 623","#N/A"
"003g800000kLglkAAC","Pedro","Lopez","pedro.lopez.52@helios-training.invalid","Owner","+34 663 840 879","#N/A"
"003g800000kLgllAAC","Bianca","Dubois","bianca.dubois.53@helios-training.invalid","Co-owner","+34 611 474 727","#N/A"
"003g800000kLglmAAC","Thomas","Silva","thomas.silva.54@helios-training.invalid","Technical contact","+34 663 162 693","#N/A"
"003g800000kLglnAAC","Giulia","Silva","giulia.silva.55@helios-training.invalid","Technical contact","+34 638 829 646","#N/A"
"003g800000kLgloAAC","Eleni","Nikolaou","eleni.nikolaou.56@helios-training.invalid","Building manager","+34 666 292 406","#N/A"
"003g800000kLglpAAC","Paulo","Costa","paulo.costa.57@helios-training.invalid","Owner","+34 655 708 790","#N/A"
"003g800000kLglqAAC","Paulo","Sanchez","paulo.sanchez.58@helios-training.invalid","Co-owner","+34 693 152 102","#N/A"
"003g800000kLglrAAC","Eleni","Papadopoulos","eleni.papadopoulos.59@helios-training.invalid","Building manager","+34 637 731 409","#N/A"
"003g800000kLglsAAC","Ines","Nikolaou","ines.nikolaou.60@helios-training.invalid","Co-owner","+34 664 931 960","#N/A"
